scenario,avg,peak,energy,cost,co2
normal,823.5411255952376,971.0047999999996,-9765.70690000006,145325.6552000005,14895.87965800005
heatwave,921.2750931250002,1141.701370000001,-15564.49275499996,191715.94203999967,19650.884059099964
solar_boost,692.9861323214284,833.8760099999994,-9480.85337000002,143046.82696000015,14662.299763400017
equipment_fault,932.357626,1093.7619839999998,-9259.008752000005,141272.07001600004,14480.387176640003
